<?xml version="1.0" encoding="utf-8" standalone="yes"?>
<rss version="2.0" xmlns:atom="http://www.w3.org/2005/Atom">
  <channel>
    <title>Aspose.app Pricing</title>
    <link>https://apppricingblue.netlify.app/de/deutsch/</link>
    <description>Recent content on Aspose.app Pricing</description>
    <generator>Hugo -- gohugo.io</generator>
    <language>de</language><atom:link href="https://apppricingblue.netlify.app/de/deutsch/index.xml" rel="self" type="application/rss+xml" />
  </channel>
</rss>
